INSERT INTO Suunnistaja (ID, Nimi, Postilaatikko, Postinumero, Osoite, ika,Sukupuoli,SeuraID)
VALUES
 (1, 'Ville Hämäläinen','PL 35',40351,'Jyväskylä',29, 'miehet',1);
 INSERT INTO Suunnistaja (ID, Nimi, Postilaatikko, Postinumero, Osoite, ika,Sukupuoli,SeuraID)
VALUES
 (6, 'Jussi Torppa','PL 35',40351,'Jyväskylä',29, 'miehet',6);
  INSERT INTO Suunnistaja (ID, Nimi, Postilaatikko, Postinumero, Osoite, ika,Sukupuoli,SeuraID)
VALUES
 (9, 'Sari Paunonen','PL 35',40351,'Jyväskylä',29, 'miehet',9);
 INSERT INTO Suunnistaja (ID, Nimi, Postilaatikko, Postinumero, Osoite, ika,Sukupuoli,SeuraID)
VALUES
 (11, 'Petri Heinonen','PL 35',40351,'Jyväskylä',28, 'miehet',11);
  INSERT INTO Suunnistaja (ID, Nimi, Postilaatikko, Postinumero, Osoite, ika,Sukupuoli,SeuraID)
VALUES
 (12, 'Petri Heinonen','PL 35',40351,'Jyväskylä',28, 'miehet',12);
   INSERT INTO Suunnistaja (ID, Nimi, Postilaatikko, Postinumero, Osoite, ika,Sukupuoli,SeuraID)
VALUES
 (13, 'Petri Heinonen','PL 35',40351,'Jyväskylä',28, 'miehet',13);
  INSERT INTO Suunnistaja (ID, Nimi, Postilaatikko, Postinumero, Osoite, ika,Sukupuoli,SeuraID)
VALUES
 (15, 'Maija Meikäläinen','TNT 9 ö 100',40740,'Jyväskylä',31, 'naiset',15);
   INSERT INTO Suunnistaja (ID, Nimi, Postilaatikko, Postinumero, Osoite, ika,Sukupuoli,SeuraID)
VALUES
 (10, 'Maija Meikäläinen','TNT 9 ö 100',40740,'Jyväskylä',30, 'naiset',10);
 INSERT INTO Seura(ID,SeuraNimi)
 VALUES
 (1,'Lounais-Hämeen rasti');
  INSERT INTO Seura(ID,SeuraNimi)
 VALUES
 (6,'Lounais-Hämeen rasti');
  INSERT INTO Seura(ID,SeuraNimi)
 VALUES
 (9,'Lounais-Hämeen rasti');
    INSERT INTO Seura(ID,SeuraNimi)
 VALUES
 (11,'Jyväskylän yliopisto');
     INSERT INTO Seura(ID,SeuraNimi)
 VALUES
 (12,'Jyväskylän yliopisto');
     INSERT INTO Seura(ID,SeuraNimi)
 VALUES
 (13,'Jyväskylän yliopisto');
      INSERT INTO Seura(ID,SeuraNimi)
 VALUES
 (15,'Kortepohjan suunnistajat');
       INSERT INTO Seura(ID,SeuraNimi)
 VALUES
 (10,'Kortepohjan suunnistajat');
 INSERT INTO KisaJaSuunistus(ID,KisaID,SuunnistajaID)
 VALUES
 (1,1,1);
  INSERT INTO KisaJaSuunistus(ID,KisaID,SuunnistajaID)
 VALUES
 (6,6,6);
  INSERT INTO KisaJaSuunistus(ID,KisaID,SuunnistajaID)
 VALUES
 (9,9,9);
  INSERT INTO KisaJaSuunistus(ID,KisaID,SuunnistajaID)
 VALUES
 (11,11,11);
  INSERT INTO KisaJaSuunistus(ID,KisaID,SuunnistajaID)
 VALUES
 (12,12,12);
  INSERT INTO KisaJaSuunistus(ID,KisaID,SuunnistajaID)
 VALUES
 (13,13,13);
  INSERT INTO KisaJaSuunistus(ID,KisaID,SuunnistajaID)
 VALUES
 (15,15,15);
  INSERT INTO KisaJaSuunistus(ID,KisaID,SuunnistajaID)
 VALUES
 (10,10,10);
INSERT INTO Kisa(ID,Nimi,PVM)
VALUES
(1,'Kuntorastit Laajavuori','2002-05-02');
INSERT INTO Kisa(ID,Nimi,PVM)
VALUES
(6,'Kuntorastit Touruvuori','2002-05-16');
INSERT INTO Kisa(ID,Nimi,PVM)
VALUES
(9,'Kuntorastit Väärämäki','2002-05-09');
INSERT INTO Kisa(ID,Nimi,PVM)
VALUES
(11,'Kuntorastit Laajavuori','2002-05-02');
INSERT INTO Kisa(ID,Nimi,PVM)
VALUES
(12,'Kuntorastit Väärämäki','2002-05-02');
INSERT INTO Kisa(ID,Nimi,PVM)
VALUES
(13,'Kuntorastit Touruvuori','2002-05-02');
INSERT INTO Kisa(ID,Nimi,PVM)
VALUES
(15,'Kuntorastit Laajavuori','2002-05-02');
INSERT INTO Kisa(ID,Nimi,PVM)
VALUES
(10,'Kuntorastit Touruvuori','2002-05-16');
